<?xml version="1.0" encoding="UTF-8"?>
<project basedir=".." name="QuickServer">
    <property file="nbproject/nbjdk.properties"/>
    <property location="${netbeans.user}/build.properties" name="user.properties.file"/>
    <property file="${user.properties.file}"/>
    <import file="jdk.xml"/>
    <target depends="-jdk-init" name="jar">
        <ant inheritall="false" target="jar"/>
    </target>
    <target depends="-jdk-init" name="clean">
        <ant inheritall="false" target="clean"/>
    </target>
    <target depends="-jdk-init" name="docs">
        <ant inheritall="false" target="docs"/>
    </target>
    <target depends="-jdk-init" name="run_qsadmin">
        <ant inheritall="false" target="run_qsadmin"/>
    </target>
    <target depends="-jdk-init" name="runTests">
        <ant inheritall="false" target="runTests"/>
    </target>
</project>
