<?xml version="1.0" encoding="UTF-8"?>
<project xmlns="http://www.netbeans.org/ns/project/1">
    <type>org.netbeans.modules.ant.freeform</type>
    <configuration>
        <general-data xmlns="http://www.netbeans.org/ns/freeform-project/1">
            <name>QuickServer</name>
        </general-data>
        <general-data xmlns="http://www.netbeans.org/ns/freeform-project/2">
            <!-- Do not use Project Properties customizer when editing this file manually. -->
            <name>QuickServer</name>
            <properties/>
            <folders>
                <source-folder>
                    <label>QuickServer</label>
                    <location>.</location>
                    <encoding>UTF-8</encoding>
                </source-folder>
                <source-folder>
                    <label>src/main</label>
                    <type>java</type>
                    <location>src/main</location>
                    <encoding>UTF-8</encoding>
                </source-folder>
                <source-folder>
                    <label>src/test</label>
                    <type>java</type>
                    <location>src/test</location>
                    <encoding>UTF-8</encoding>
                </source-folder>
            </folders>
            <ide-actions>
                <action name="build">
                    <script>nbproject/nbjdk.xml</script>
                    <target>jar</target>
                </action>
                <action name="clean">
                    <script>nbproject/nbjdk.xml</script>
                    <target>clean</target>
                </action>
                <action name="javadoc">
                    <script>nbproject/nbjdk.xml</script>
                    <target>docs</target>
                </action>
                <action name="run">
                    <script>nbproject/nbjdk.xml</script>
                    <target>run_qsadmin</target>
                </action>
                <action name="test">
                    <script>nbproject/nbjdk.xml</script>
                    <target>runTests</target>
                </action>
                <action name="rebuild">
                    <script>nbproject/nbjdk.xml</script>
                    <target>clean</target>
                    <target>jar</target>
                </action>
            </ide-actions>
            <view>
                <items>
                    <source-folder style="packages">
                        <label>src/main</label>
                        <location>src/main</location>
                    </source-folder>
                    <source-folder style="packages">
                        <label>src/test</label>
                        <location>src/test</location>
                    </source-folder>
                    <source-file>
                        <location>build.xml</location>
                    </source-file>
                </items>
                <context-menu>
                    <ide-action name="build"/>
                    <ide-action name="rebuild"/>
                    <ide-action name="clean"/>
                    <ide-action name="javadoc"/>
                    <ide-action name="run"/>
                    <ide-action name="test"/>
                </context-menu>
            </view>
            <subprojects/>
        </general-data>
        <java-data xmlns="http://www.netbeans.org/ns/freeform-project-java/3">
            <compilation-unit>
                <package-root>src/main</package-root>
                <classpath mode="compile">dist/commons-beanutils.jar:dist/commons-collections.jar:dist/commons-digester.jar:dist/commons-logging.jar:dist/commons-pool.jar:dist/metouia.jar</classpath>
                <source-level>1.6</source-level>
            </compilation-unit>
            <compilation-unit>
                <package-root>src/test</package-root>
                <unit-tests/>
                <classpath mode="compile">dist/QSAdminGUI.jar:dist/QuickServer.jar</classpath>
                <source-level>1.6</source-level>
            </compilation-unit>
        </java-data>
    </configuration>
</project>
